screen_time,social_media_hours,gaming_hours,sleep_hours,phone_pickups,mood_score,addiction_risk
5.869021545015713,7.605714451279329,4.391963650868431,6.59195090518222,112,10,Moderate
3.0279287643706345,0.4646688973455957,5.197056874649611,6.606690070459253,161,3,Low
1.2675984258454318,7.759278817295955,4.99465584480253,4.2740346640696565,197,5,Moderate
9.027259625160315,4.893225283906247,0.042397831318304435,3.1383745502484945,68,10,Moderate
1.6066536217770007,7.790044150731673,1.3966280425818254,3.543638607196925,199,3,Moderate
5.972005886473116,7.8658470864543055,2.8005773594878796,8.159642440417922,144,5,Moderate
6.856490275604059,0.10611968927893223,5.653210534109117,6.3797293070732355,18,10,Moderate
2.2697374820829905,5.473864212097255,2.640914962437608,3.732229409068673,17,3,Moderate
12.821165227024167,2.0702398528001353,3.975133706123892,4.8702664565364655,143,6,Moderate
8.107233631462636,1.4788356442042163,5.817507766587351,7.650796940166687,171,10,Low
12.632755555559434,4.783199830488681,5.531245410138701,3.5309550123115168,199,8,Moderate
11.978940032815968,5.978560881099047,3.2381527943344786,6.520506993983089,197,9,Low
4.851555574153071,1.32213551250402,0.09381844044716359,5.540408884238218,138,8,Moderate
1.0717875226068312,6.523691427638673,4.241144063085702,7.374043008245923,42,5,Low
13.041911420673536,5.208616204015556,5.489758053262685,8.100231466738796,21,2,Low
2.240331514375347,2.966546017586131,4.013047515981643,6.99553413970498,181,8,Low
4.571383308870834,4.489947406781609,2.2975612485227392,8.830272572334621,140,1,Low
10.382483775143351,1.887879357991646,1.5364099365679438,3.242601537230588,24,10,Moderate
1.3304486476732373,0.8631314159464356,0.1885751141204055,6.818462467582682,61,4,Low
12.79836416103921,1.9943378331909996,2.4622975382137784,7.533306831258292,45,7,Low
4.7667688878789845,1.2897702980320354,5.578185914055439,7.848722277386502,194,5,Low
12.32898767244033,6.429376615192916,1.119420353316215,8.355353990939866,84,10,Low
2.5871434111087535,2.8503827046157992,5.440970649274524,4.632793496307812,36,9,Moderate
11.63419195699241,6.8858446660507475,0.04171278318714422,6.064483815465394,146,5,Low
10.001668427573515,2.155298670388172,1.464753133486645,4.009746253037584,169,8,Moderate
10.139246465637312,2.909036819034352,5.830692496325764,8.774683769652668,48,2,Low
10.259517669017747,1.1846954396271991,5.986442910293651,4.60068608565171,11,2,High
6.343481173137007,0.2644058632043871,2.0704274881600977,6.806108068208182,135,2,Moderate
7.902149583122773,3.582265316584733,3.3173585344279677,6.5561803432763615,192,8,Moderate
4.089288071901196,5.825730788894877,2.2066987963155196,6.793834983561477,148,1,Low
2.959328071550583,4.065590213925749,4.174876840745291,8.15015282888232,196,4,Low
1.2156417760621299,4.096744466394248,1.3589746511876277,6.871036742456699,61,9,Low
9.982190595332057,3.0938827704042993,5.620379932420407,3.8251256648759595,194,9,Moderate
3.7179310695902776,4.331583790620527,4.174706396070493,4.371300130783798,153,10,Moderate
13.768188463282662,4.133087130168114,1.564975048982454,8.977522198547547,149,5,Low
12.705434743123297,5.0648116581861435,2.034178746292204,5.095257447675966,57,3,Moderate
12.132215794415202,3.2360650169775207,5.326620592565758,8.105570692605077,122,8,Low
11.209428464481267,5.351906037713829,3.4841197286187278,5.233696599370458,108,9,Moderate
1.065800590000843,1.2864644113399892,3.2924027361995165,7.15137118615616,198,9,Low
3.2870282848054897,0.14460290892416694,2.9633622911006077,4.072936255327972,137,8,Moderate
12.039904336424312,5.260903138402747,3.4098516200128297,3.562048606968555,124,6,Moderate
4.447630779862431,1.9519171470326686,5.838063328514673,5.358586348000562,191,8,Moderate
9.204802137964418,6.358490428333187,3.015822558631153,6.461423307758155,70,3,Low
8.43605458971938,6.148432114450472,0.2616226305266025,8.967303064784046,167,5,Low
12.485422289461367,5.981750191179311,5.718431082143719,4.984501828023082,55,5,Moderate
8.439802099220898,7.842652669728365,0.45207753603676926,4.834182115723091,169,7,Moderate
4.490173139572039,3.8822389942105255,2.236121202564296,5.368148800856833,63,10,Moderate
13.090218852540815,0.5633290467963512,1.253512305692161,7.026861100944304,160,2,Low
4.304127437906604,2.36232470735151,1.935304585431603,8.092018769548046,146,6,Low
5.673384965856817,2.348734754115947,4.856166932871082,7.8606803680750845,162,8,Moderate
12.872127183234127,4.090739190887502,3.0090977681231976,7.789771073800651,74,8,Low
10.125569404350143,6.366341355488808,5.340032050905398,5.027970941109215,101,2,Moderate
2.221765217931297,4.626241127969392,0.21565364278045251,5.793588108794761,72,6,Moderate
8.680832387397139,0.24400199951239543,0.2240891324952865,7.9356033639579495,63,5,Low
7.789162380712456,6.159948424788887,1.294926164981059,6.737342854914002,15,4,Moderate
6.347600765736821,5.596097686137551,0.8301185545068082,3.796472533457819,123,10,Moderate
5.198434148236197,6.361489558149629,1.6249935075724453,5.633828524233817,192,10,Moderate
1.3295596644009477,7.7011873174234005,5.015880723073235,7.175845236562187,138,10,Low
12.897778459144245,3.5388178378488355,1.4387241549444194,3.5632397404877505,98,8,Moderate
13.149981965416227,5.106164750746803,3.1001775445593998,6.942667971001001,78,6,Low
10.49051111530364,0.3817290215331903,3.3962232629644578,3.951878685854946,95,9,Moderate
5.44443566731322,0.7343925265075351,0.5649419296113607,4.868479856347765,199,4,Moderate
3.279293508561401,0.1372888146540019,4.580186538023465,7.841477862304677,109,1,Low
7.040759568214948,5.198189461142107,0.28835354518220235,8.694874389548316,109,2,Moderate
4.3916171034422815,0.122436322323078,5.600617848476897,6.006239303491555,78,4,Low
9.00606513706888,7.551132836486057,5.665509582751004,8.203193601330023,169,4,Low
8.481164312386426,3.1053594096521753,3.859729310654119,5.749517342949099,188,5,Moderate
9.137215711320447,6.5634147501701445,3.908908631146728,4.240106159260472,38,2,High
1.5065207200330373,4.946031074703143,2.019325289332359,6.934335812284453,102,10,Low
9.860977696646266,2.72499655571392,1.5641671694154187,5.976224725760437,67,5,Moderate
5.528375857891565,7.493185214845658,0.23511796005387753,5.5076761902934726,173,10,Moderate
6.505122250005541,4.548162269999667,3.4555474515485076,7.389886531797841,45,2,Moderate
4.25021383980936,4.644352098751279,5.202699643258333,6.371200152862642,21,1,Low
9.837982138703197,5.919270083578996,1.4294169144238766,5.266373317057769,122,4,Moderate
11.743947059400641,2.560396808244894,5.373139370977203,5.335210072404979,149,9,Moderate
12.012860873242667,2.839241523701765,5.740805310758738,7.06061942654582,61,3,Low
7.409333551033464,0.6662752895620772,0.5502248835508865,6.614645555406714,189,5,Moderate
10.780868882689841,6.332632349806788,4.737708856767323,3.547236618292142,51,10,Moderate
1.7482638802163757,4.396231058589884,2.649183008240262,8.326225096549798,84,2,Low
13.592475271663753,5.5042400814003125,5.021783245424243,8.201212231865048,16,8,Low
1.9459190827345159,6.57488047432285,4.237453362938977,3.4880926838513986,174,6,Moderate
13.82631452051528,2.9941663660489626,2.2238528824013457,7.876797403545016,80,9,Low
8.694553604676695,2.8017459736025083,4.249087173499198,5.890001927784692,117,6,Moderate
10.166096735856579,1.9897932354423036,1.981515174114591,5.606711066929628,182,2,Moderate
7.092588345923642,0.4504262054546988,0.7129074976084315,3.7051574806626295,114,7,Moderate
10.698583430450503,4.666950120777277,5.773035290847251,5.249223477142224,122,9,Moderate
12.291788666462983,1.788766708155621,5.779335236643668,3.072926848138898,169,5,Moderate
1.5642101828762458,7.397146641788768,5.514694291671956,4.5179410079354465,156,4,Moderate
1.9806491121670005,1.3297234552740234,1.3008546395189473,4.766963681036579,10,5,Moderate
10.060025726229593,3.0736146510337594,4.422604235058115,8.491526050014638,83,8,Low
6.128783381905688,0.854048527487075,2.013960388781779,4.018079423373393,173,10,Moderate
6.047488991868338,1.8351579656395973,1.5956275497854338,5.1620705712316095,164,6,Moderate
1.420107364425456,2.2381080573515657,2.467240325233117,6.616691292139791,166,3,Low
11.692984158001197,7.598399306335392,4.35431705033016,6.680491175614739,19,8,Low
12.396599317035305,4.41270298035256,0.9890055668220057,5.467530699512214,127,1,Moderate
7.244811064262611,7.882288405324035,2.260433819627645,7.497469799856432,95,1,Moderate
11.898273161244791,3.7495452783597623,2.488917014025991,4.640442431584237,64,6,Moderate
9.992287163195856,4.274770200235705,4.499464496819831,8.478994513545857,32,5,Low
10.439570972934025,6.056649616339647,2.2671032956547186,4.446508993977791,119,1,High
13.40266335436339,4.84939707560704,1.3718568330207763,7.03020410643514,41,2,Low
5.656115334426927,0.9084607375970322,4.029439173556797,6.121846205422759,127,3,Moderate
7.762125514455914,6.817452002548321,3.311441032646913,6.365627829212317,66,1,Moderate
2.7421979698583296,0.23026141050671178,4.530823534041714,6.7218573081207875,75,3,Low
12.740963762796142,4.938109696778336,5.882776350554267,6.6485270972513115,91,3,Low
12.754063028418729,2.7860437361864028,3.0839369349588646,7.701918076446859,39,7,Low
7.8068295881951455,5.581134971947707,4.778830654043263,5.756080847677035,154,10,Moderate
10.995930637100168,0.5298878228149269,0.2751675984277977,6.724834106532548,135,3,Low
7.984424417282911,3.6809532718685762,3.5085966356949223,5.401802933461688,153,8,Moderate
3.340874540540881,5.572011729816632,2.4699672861451685,8.245905629126502,164,2,Low
8.825160142032484,1.7907925272505647,4.930743821066695,5.070495766934321,179,6,Moderate
2.153132938841723,0.9650869688048065,2.7646726081963546,4.238002310434755,43,1,Moderate
7.5444245211131395,5.523158629034922,0.23587283904659362,7.796462393454256,130,6,Moderate
2.062867415335335,6.988628992854218,5.525234403190879,3.3664677591291827,35,4,Moderate
11.480616637309797,5.986077523069267,1.107126116138264,4.256095940020262,136,8,Moderate
7.298798807483277,4.946038172242368,2.2134818374186347,5.775208296798887,118,10,Moderate
1.4768816375777727,2.019495554752166,4.280097515307315,8.371241026123196,116,2,Low
6.816360768704911,4.260938131640185,1.454823021808378,4.615459385696286,37,10,Moderate
8.331546196244872,6.725679887023449,0.5352259722723371,6.212013384093141,34,1,Low
5.458049235617383,3.791759531444449,2.1306258196758288,6.892937041749456,155,4,Moderate
7.982385043641121,4.694728944167033,4.4726368451059795,5.589957277378076,92,10,Moderate
4.689086775383418,2.9046583711890808,3.8755034479896073,6.424669828013471,193,6,Low
8.875072651639533,1.8978143338879558,0.6106948357224224,3.9171548351059924,121,4,High
12.060627731869902,0.703100996321151,4.835189320446861,3.333920936141852,146,7,Moderate
1.671261212368667,0.14593985142688837,4.181768774198529,8.983533208610366,15,2,Low
8.48797943147358,7.339164904684253,0.0318000383856325,8.850402977670855,103,8,Low
10.397649256083083,6.5668917852268205,4.310743625019322,6.210220392269463,35,3,Low
11.901573263134122,1.6406204811956728,5.807964399025406,7.26571487302049,29,1,Low
7.887920301354517,5.657840765155556,4.606677008657033,3.5237410775380527,135,4,Moderate
5.168348498073685,4.7510647804631905,2.2153828890593767,5.725607833314598,14,7,Moderate
8.135985738556705,1.6138436986418867,4.107429287279,3.527208667455941,72,5,Moderate
1.0352416923862857,0.9335685131334506,2.8389972063113533,6.6366112863350315,172,1,Low
12.05945698021391,5.967796204389745,2.4511097576155016,8.597628402599728,146,2,Low
3.356029860153582,0.53197013893422,4.446723895740354,6.446838679079471,73,8,Low
11.763231533307396,6.004015398122508,4.797222785517094,7.950796060156783,174,5,Low
4.063992698844997,5.070068509761418,5.447196782775096,4.897179493778967,51,9,Moderate
9.878766824422721,3.615588810392314,4.282694729131956,8.39800467175304,134,6,Low
8.01715380489023,3.5099574031067124,3.464917625436754,5.132174710910375,62,8,Moderate
3.9773300820223527,4.342794484907271,2.5891688588186557,4.996894715474905,188,8,Moderate
10.0183288962434,1.3338460799470653,5.27177469224063,5.972541758423794,164,4,Moderate
13.970004007009962,6.019224960310582,4.241882767460754,7.671431634304506,42,4,Low
8.408565903327116,6.099669485925524,5.260593820570497,5.052490492295445,47,4,Moderate
6.941002850661818,4.8316629765801,3.013730084775181,6.23916382267702,166,4,Moderate
10.389283389109861,5.760292292368595,3.846885797311784,7.1636906668026,45,10,Low
4.273387765790385,2.7655679480313555,1.089586300808554,8.45070336800177,47,6,Low
6.211068417927319,3.6960464291530615,5.683700037670892,3.920108418696481,150,8,Moderate
7.576552825498058,4.891633883477183,0.10866110292504305,8.23274345366491,109,4,Moderate
11.271100282613128,0.1841808383011001,3.908203265929477,7.627480011118428,40,10,Low
1.8959800117738443,0.618568523910298,0.625481796310857,8.042637791882537,20,7,Low
2.5965401639945394,1.8872482767606495,0.9931230622037386,4.1179252769647245,66,1,Moderate
12.308652706807667,4.150704457008577,3.5476526144695755,5.394016223220781,62,9,Moderate
3.6725375088832877,6.302319109715939,3.622329190380834,3.6856038003341265,34,10,Moderate
12.958123013365887,2.77076795492769,2.081719211377366,7.4250074886584905,26,3,Low
4.226943755842974,4.621055632732378,0.9930799045678429,3.20327496147957,170,1,Moderate
11.14644419809914,2.220697381035345,1.3205832844865824,4.2760847060473575,58,7,Moderate
13.682037103875832,3.6719119041361044,3.3438322133402876,8.163792107344403,72,8,Low
7.5285351343061535,4.76308013856035,0.4024588643305649,7.499762822395066,132,8,Moderate
12.674705762729278,1.6411171238560573,1.1441263239819994,3.219298007088569,39,8,Moderate
8.636896855042966,2.3523574337677724,4.28435519873897,6.165886380868715,122,2,Low
7.461155334676237,6.122850248529925,0.6178888759878931,5.006176867862893,64,7,Moderate
10.792200869716861,2.1784148377623955,5.384582458913306,6.159470799955763,96,7,Low
3.0299837657604747,5.72777783077918,3.953543651460908,3.162575955020901,76,8,Moderate
3.5494702960148867,4.04406303284827,3.5702938782025235,5.0356274753771455,76,3,Moderate
9.48569940207437,1.9054622483738122,0.596648356556071,4.459033145996725,87,8,Moderate
11.489051936513619,7.701194548438997,5.666458353463641,3.846491092666281,151,7,Moderate
12.652365640774557,0.10401538808588828,0.5130511851268085,4.247317530876164,156,3,High
8.579540292605998,3.3713964047399836,5.356030266461849,7.904661370430645,157,10,Low
11.726395308494578,2.904473697560724,0.20536866492317474,7.9839270393914985,46,6,Low
11.059848801617424,2.9020631573275635,5.166408119848329,4.317063150485752,95,8,Moderate
2.485093036965159,4.526212959732484,5.912203873450408,5.826392716162887,123,3,Moderate
7.661949526464981,5.933495553829324,4.193075118965426,5.4153002615818835,31,4,Moderate
2.7195907446292953,7.204578409891085,4.147331145657926,7.099103138672889,79,2,Low
7.885601822516054,6.520435427219657,2.9885445210660344,3.4030523994942605,174,9,Moderate
7.467043621738577,5.761620653058366,0.6394723807720462,3.8401112319626938,36,9,Moderate
4.464479113821469,5.857476627672499,1.5043839633695866,6.798588380144685,62,7,Low
8.452826916332208,6.704855705426366,2.4262890092941456,7.625468262385623,55,2,Low
3.1616837938290323,5.9042689314109635,0.4967920075507588,6.618912656798329,35,5,Low
11.882026879139381,3.497547170857948,5.493082063751484,7.329197166731434,63,2,Low
6.156441849676706,7.6326954923170645,0.8100076645272416,5.9025296515944765,45,4,Moderate
3.1061804125906,6.732237282480347,5.078447095887343,8.731417876340874,163,2,Low
2.3857772907390333,0.6011022538864701,4.3691325372216205,5.972947897237191,180,8,Moderate
6.652755401848701,1.9712162659128545,4.914613906045198,7.796495273813876,181,3,Moderate
4.537886783989515,4.721845334952697,2.165843381640161,3.549492439959805,58,1,Moderate
13.353085599670433,3.568046183663646,1.1107975730317179,6.251405684270149,92,8,Low
9.306342009345403,6.072286764310799,4.344619975638832,6.823389478736921,34,2,Low
7.362524527360826,1.7696755345568178,5.926008047979882,8.66435603811968,56,10,Moderate
8.647428840609104,7.994827996526679,3.3348394886230777,5.839260708488,144,5,Moderate
10.503307728957662,1.5407922222850434,0.6916921274837062,5.530575958383075,91,4,Moderate
11.979142180955915,2.552803785946045,4.973492844904064,3.2220458082929557,168,8,Moderate
3.9901148847401395,0.9645350862182305,0.46171920977525494,7.177732655268839,177,10,Low
10.421968029873899,0.522850726391539,1.891742026983662,6.236947754252023,102,6,Low
5.143782538116909,5.007131011496073,5.315866489417123,6.695179129093828,135,2,Moderate
1.3172101602349944,6.960790991207439,0.12761646510232283,8.248210036105196,150,2,Low
13.20788008066765,6.390265886189323,5.987604663200025,5.104270892710261,199,1,Moderate
6.225101876920148,3.8390049624312708,3.7650327793102205,8.242062685118032,130,10,Moderate
2.192091356448592,2.6909637106273765,3.1351151498071386,7.3936308431078706,186,3,Low
7.075039964989483,2.3760230116390577,5.116930930151408,7.293319891405451,46,9,Moderate
4.604453394058057,7.282712816460275,0.2706040633219391,3.656805592074691,130,8,Moderate
2.6176882448591323,7.6513255804754,4.7879359328603,4.5538959096108815,133,6,Moderate
13.770296696041061,7.0735918250520236,3.6047906786531883,8.422343803051623,162,7,Low
13.885192139780695,1.8533736110675472,5.656390644810754,6.897879893954211,126,3,Low
7.6649506432146115,1.8453584937420695,1.0591681920330496,4.322917254421052,12,8,Moderate
5.551628369167491,0.46274141250717093,5.814615780844868,8.302715309780554,108,4,Moderate
13.933801694403659,1.3911619937558983,2.3774521134159525,7.549430854224548,71,1,Low
3.0006467824181158,6.526664999924942,1.346643431019964,4.342905688935739,98,9,Moderate
12.633978735961918,6.88101453134339,2.744592586642244,5.347018596482279,132,9,Moderate
1.576896625932078,6.817548266776062,0.21253421051127042,4.974308192219226,34,5,Moderate
10.557764508804885,2.251127684620214,1.5158945637653105,3.030492838908156,142,10,Moderate
7.923832752209907,7.696975780736398,0.6568131603267233,8.366879585808405,90,2,Moderate
7.436904851181666,3.844692618613184,3.554446707957106,7.948085795550895,65,8,Moderate
9.814209983267826,4.5258557119663285,1.602169621016528,8.271779918130948,156,8,Low
4.188711919319349,1.2587252776202078,0.9624006319804326,5.0040532724714275,54,9,Moderate
13.091174556626603,0.846672750628672,4.193944428237526,4.135329238710035,142,10,Moderate
7.051110114009786,7.032571841825053,0.030871024528288604,7.919681504448601,190,7,Moderate
3.0898786486280065,6.5437361929524975,4.992805067746452,6.044806402565017,48,2,Low
4.731495731273866,4.935415347005938,5.887117068164541,6.7908811621000105,107,8,Low
11.642832466497943,1.0275897447455309,1.7000576895934896,3.110566312429305,72,5,Moderate
2.3326264638788303,7.497827897891609,4.12731433380488,3.4070223546310316,26,6,Moderate
10.211436059834181,3.788591107480708,0.34752276335278975,3.448166506547124,59,4,High
9.418457364224798,4.755166873828363,2.301673562433731,3.3937568674440777,42,6,Moderate
5.83383588010342,6.55028514685675,1.5150524981302933,3.0061768790738004,183,2,Moderate
13.962618502050244,3.4094504178877836,2.7083221459780527,3.981742927150015,128,4,High
11.919313140742135,6.182582240134436,1.3803220981886035,3.7880107584562683,90,8,Moderate
6.6203524135538245,7.548927361340791,2.518363901556734,6.8311556859845135,15,3,Moderate
4.564797630532711,7.871821183678626,2.456004037890258,8.364595222074806,24,2,Low
3.7703611523260827,0.24907266307609088,3.9100009522553103,5.211158062342567,24,8,Moderate
3.0701945976304383,1.6296099942101936,0.5469869424371501,3.9219482289666763,36,2,Moderate
10.893311882258985,5.009762573051323,0.7874692660943254,3.1951570769475115,69,10,Moderate
9.016454088769594,6.3722983278094105,2.8891341090753,3.7038491337743666,26,4,High
6.593976633693015,1.6041978136026938,2.9495672804486213,3.3852536224508043,126,2,Moderate
11.368268308283445,2.48289567138859,2.731320894490807,3.069723239448604,27,2,High
7.239204851322605,4.80016438495443,1.7499754722558194,7.169891316759255,42,6,Moderate
12.801642488800322,5.794282465011295,4.494969834607699,3.8755324442108727,85,9,Moderate
8.421758523974136,0.14694109552432,2.8941382893095495,4.262097479513212,170,10,Moderate
11.085461565308428,7.529900033859092,0.434497632878049,6.205453235858671,167,1,Low
11.71868260965884,2.862410807426171,1.932568213316012,8.864798317888715,99,10,Low
11.407627088418078,1.6012019539584808,1.0048954935544185,3.6274070420064017,70,3,High
12.650876934905497,4.758213099015489,3.6996274911748444,6.677665049193635,50,2,Low
13.157623598892975,7.57880370104831,3.751827961283687,7.700536355649688,120,7,Low
9.59066153789026,4.4240116207356674,3.5848551757915805,7.702995320513171,136,3,Low
1.529803379202146,1.311995847915978,2.63164329893723,7.34895935924435,21,7,Low
9.4538244163549,3.8342314286102983,3.694452131653457,4.974104626887973,109,8,Moderate
12.333826126650575,3.469242671651111,0.26196994624416714,3.970035264880816,155,3,High
3.9699116373068835,7.9706713284539354,5.848758972880699,6.901954118081621,44,6,Low
1.398482528675479,2.0614631080897095,2.775737740435898,8.209635032450283,168,10,Low
10.655184775599754,3.403946675584603,2.0756099552817773,5.226232577907616,29,8,Moderate
8.062906803722749,4.1119669424698,3.5283502685404753,3.176366674539044,107,4,High
12.354502095061587,7.205614912090068,2.5303255612407325,4.660966783410309,124,10,Moderate
12.860723493016982,1.6852975120453326,3.7377995013808967,6.789361320555123,152,1,Low
2.7103799066543774,5.7265997174567085,5.454195123993846,4.078098653221452,181,2,Moderate
3.352700385223367,6.835080746956633,2.9536671386882087,4.483386446419062,69,8,Moderate
8.53239369146551,5.300970232066563,0.5715690477277577,6.9127394731826275,98,9,Low
6.187597299782444,6.863890031381646,0.05418242477730151,6.530475800043632,193,4,Moderate
13.60767358602108,3.630316331069114,1.4163027800787837,3.440980483980076,23,10,Moderate
6.83410845980824,5.355123211674891,0.8745394094685102,5.696603011282426,17,1,Moderate
4.28286116698045,2.8740059833299645,2.276151539534543,6.633228945869297,184,5,Low
7.935655028896043,6.254322638760235,4.2323135646732215,5.678211879075514,120,6,Moderate
3.6759357304779874,0.895356955181823,1.6184976691019377,3.342521136535889,46,4,Moderate
1.6720588841398505,5.12002373469531,1.34820706183608,4.080062624836341,68,5,Moderate
2.3430164426122038,4.67736560354071,4.129247195199572,5.3842739307864065,52,2,Moderate
5.200698541913621,7.7847819845627715,3.480673378172808,4.525347479384959,180,2,Moderate
5.4544953455719,4.257959910610393,0.754449070839893,3.7962879229156643,61,2,Moderate
3.6240948775983286,5.3874594665993385,5.819472276643623,3.56340429473651,17,6,Moderate
12.28584930690757,1.4171983155790873,4.155755713356987,8.02869173788866,180,10,Low
1.227707881206809,1.953178323378994,4.985263148050233,8.18765301573022,122,8,Low
11.341634832053241,7.349422375948034,3.6036572552774166,8.64525213802839,151,5,Low
9.670629720881795,4.617481893693985,2.0914420034518226,3.9557246714568306,72,9,Moderate
12.26370267785939,7.946695498869028,4.5145665756934354,3.5428901717223047,168,9,Moderate
2.4184252129547463,5.204093182333726,4.591145187334708,8.554048985284272,28,6,Low
12.717883444649775,7.02312927233062,1.9031743005923916,8.213403753243426,138,8,Low
4.859300569283651,5.192597270355145,1.9702873673104864,6.781252489974865,152,5,Low
5.9454561550263705,4.387997773211814,3.5789128499125296,6.27412133097284,44,6,Moderate
1.9515470089897673,4.827588747051023,4.009276791330097,6.716942076057687,183,9,Low
5.937215142329988,6.906669196574602,3.114490710817308,5.875091265778385,126,10,Moderate
2.4159384440075087,1.1919348477615577,3.1597427836137575,4.4764179527879895,24,7,Moderate
11.568814603309216,5.744984609811955,5.733142175729608,3.10939549605817,160,7,Moderate
12.657285767921591,0.5702421604413113,5.727960180199845,6.928158488588089,60,4,Low
13.147668348471687,2.8129814979170753,0.6085249706952991,5.915230555117954,126,4,Moderate
9.711248449942243,7.4368470193759135,3.193561280034241,6.485592319576787,115,4,Low
10.329265216812184,3.1992416544332496,5.860351431975474,7.939044093573962,103,7,Low
9.854532101544777,1.4515067815650156,3.150980302002361,7.254277570334596,65,1,Low
8.375058855175746,2.05250226961091,5.777561251425479,5.901273880319549,16,6,Moderate
8.152945048031402,0.3473002628385533,3.798908253564134,8.708420053239943,128,6,Low
11.649455172548272,7.073651706787262,1.3684786316935948,4.27226903944936,19,8,Moderate
6.343370107487162,6.718890422933763,5.400138740388067,5.120528275816309,163,5,Moderate
4.926786523852336,5.855664540685076,5.107045565116625,7.028548017183686,98,2,Low
10.966529757605278,1.1976317436556618,2.5436688774798117,3.917902804971376,58,3,High
12.300375120463682,3.783135725065457,3.212148611055965,4.070675791366632,46,3,High
8.892222469154149,4.37357930171256,1.3916825766958525,5.345435975433088,194,9,Moderate
13.841211762793534,1.091518020453865,4.170867324285563,5.425912608625753,127,7,Moderate
10.418719068182035,0.12656873412465952,2.0465401468453233,7.9122423427153965,77,10,Low
5.383952725820465,7.244198338637391,4.635736364696295,4.5893726834204,106,4,Moderate
3.4942752213436576,2.586972496924166,1.3599384133619281,5.129977834991624,22,1,Moderate
11.814220472268486,5.356820929071695,0.4195896342566048,6.841009342968997,17,6,Low
8.706555891494496,5.441055448827611,1.3849751349240724,5.741151869282212,95,6,Moderate
1.6804053852246081,3.0278113878869526,2.1776656310759517,8.972882944225542,39,4,Low
1.7818504538102078,4.4983745270232784,5.745751707032281,4.051817654145958,40,9,Moderate
3.216213196260928,3.275822824041631,2.5361346803771374,7.93083866340652,21,1,Low
4.911090408592316,7.849890994754431,2.8493192610373117,5.295157681464049,32,3,Moderate
2.9814081732954265,7.939868017267002,5.562005807545772,6.239742781683358,130,5,Low
2.208078876932069,2.056378131456639,4.72741192975359,8.188117152201242,25,6,Low
3.070952268046744,0.5048722646332013,0.7058941708413518,4.364143800576593,75,9,Moderate
2.139355707929901,7.495662584248502,3.3228134442742574,4.8331458639481415,189,7,Moderate
13.25103124832903,6.986693293790783,0.9705852681126577,7.7176557405425665,152,6,Low
8.365479708228442,3.1283421044653954,3.006917995092058,5.383072664575266,175,2,Moderate
9.163350686044266,5.394430451272387,3.194887155356557,7.328532403972391,76,7,Low
4.96082880827453,0.6473542644100174,2.4178810725909687,4.041147089919052,139,3,Moderate
5.499296444991212,7.804881606879319,3.845832464071992,7.9348833818061655,34,6,Moderate
5.078459985523248,4.850967555467005,0.835188147705179,8.389569763756235,134,4,Moderate
7.533358994024751,3.189304222178505,0.8782439529734947,5.205206533749188,145,5,Moderate
1.335554790343331,1.081330313238582,5.7786906695350435,6.297177215370102,41,4,Low
6.713651952227831,0.8453174740939513,3.8449578881412374,4.296229095057598,139,7,Moderate
2.9763230906724254,0.49079701688534527,4.6845695164106385,5.758802542615921,139,2,Moderate
1.7511472929527663,5.560281830868425,5.902073551580481,4.435080625295553,108,5,Moderate
2.5780042124915754,2.4262011805407644,0.6062748660638801,7.152968050164791,106,4,Low
9.231465138175032,1.831156838772909,1.395873231376086,4.324815778713835,61,4,High
7.851539030851471,3.408667071122972,0.7842622604411968,8.3196252914428,71,3,Moderate
5.780871561404765,3.3130380202314162,4.9652273734012455,7.401686283368412,95,5,Moderate
1.1434064375724138,3.329231985438092,2.8880649098119417,3.11515366093834,88,5,Moderate
10.883767700587756,1.0968776458319924,3.21186078871555,4.291211232103425,190,2,High
1.8400168379731199,0.3410656742962619,2.2284514059008442,4.595106819925881,148,5,Moderate
11.976642075615008,0.7846606462739567,2.929446822130669,3.9002919881639055,61,2,High
7.188235681793965,3.0071062811661546,2.366857671420212,5.75668061043592,30,10,Moderate
12.597100956223047,7.642677492031426,4.721420317531771,4.892441374488076,138,2,High
6.688840612720095,2.0373649763684094,5.045229476555535,3.2305580937739498,197,8,Moderate
6.999207040121544,5.0976118144662435,3.9561235332346962,8.370706444239218,186,1,Moderate
1.8664765272889694,4.147264175561633,0.9010140049022499,7.424602612328913,96,5,Low
1.621800665123371,0.3041747858996393,4.4772435448910315,6.954213205222085,188,8,Low
2.3697779413864772,0.2845669362843868,3.051475736685471,5.325571388896617,168,4,Moderate
5.546141986696044,6.197228249449455,3.968223666422486,4.111173407204808,195,5,Moderate
8.145008568346018,6.644275651238719,0.4122769951096066,5.545781315309329,120,1,Moderate
4.840782107206463,6.153785182705069,3.747981413125583,5.291637837917375,187,3,Moderate
2.5780234360722836,4.920103744310933,4.647802683826728,6.863425521246784,131,7,Low
1.5453659046112715,7.74791022075507,4.792285149927448,4.756932220205789,11,6,Moderate
7.318201538708019,7.362377449755262,3.1246088510052763,6.698998361370501,20,10,Moderate
5.397477577928479,7.424669122608398,1.3476936710631116,5.23300214302508,68,10,Moderate
8.968214572428831,7.544606701957661,1.4441562709950297,3.7290082578055084,41,3,High
12.530023702720504,5.166486501241648,1.7154407354349608,7.895681633811703,128,7,Low
12.004686402973615,7.351412269116436,1.5134461210401695,7.5302515724776695,158,8,Low
10.726494777726968,4.4625058040885595,1.0835675890518053,3.3231492419881565,95,6,Moderate
13.800706613818607,7.499104531976951,0.25904241478207,3.9888888943766228,38,5,Moderate
10.437738829808842,6.542282638855561,1.2810681978640315,6.0351161577109735,97,6,Low
8.049083671394028,4.722781523670183,3.05016328149768,4.785290707912924,28,7,Moderate
9.955508926651179,6.986583326886461,3.8177481238754885,7.566729222258948,120,8,Low
7.000247167457268,0.07465295861674637,1.4800731871297381,7.358770290678029,141,8,Moderate
3.5214002744810733,7.03853188753551,3.945361876668138,4.865573580045325,158,7,Moderate
8.994717124434722,5.503072879039321,2.251559426655998,6.232174004058234,173,6,Low
12.024621284700034,6.71971184225746,4.996082816082259,3.0661896855747948,130,2,High
10.862793071443063,5.427030582841135,4.537587947348715,8.051822228980253,79,8,Low
7.526652775349813,0.9977124552911238,2.312255298284171,6.860191079470706,147,8,Moderate
3.8237182699857373,1.1025831932738832,3.978252027002953,3.0112793011494636,112,5,Moderate
1.3779279444713985,1.3350809428389674,1.0879156795530314,5.326041568502365,26,7,Moderate
12.36541211793309,4.080877699990602,4.3404285936737175,3.624824147521725,195,7,Moderate
10.138264732722797,0.4224316837482247,2.9195859734625187,6.596213793977603,156,3,Low
7.477323869424897,0.6164662330746493,0.3513055754638752,5.005429912176365,39,10,Moderate
10.199852151631905,6.3089197173792515,3.103614338649656,5.641193987732944,103,7,Moderate
10.56157288433799,1.8868607931494967,2.2285320112382747,3.3752533613842104,56,9,Moderate
13.13047330746625,5.140521596281532,2.527488319764432,6.817064188249397,56,6,Low
13.884643613676948,5.977756701936301,4.439918320113671,8.70187651758355,78,9,Low
8.352149543978726,7.837173720271068,0.9917646658210473,7.201511756667126,103,6,Low
4.5499205296465615,4.1446301299105235,1.7923534415326383,8.644075470692043,179,3,Low
6.585538565606156,6.981842003876815,5.051601400750852,4.116608507077664,58,5,Moderate
6.956429527592604,3.8637509766828417,0.8008798344956627,3.483609082542748,48,2,Moderate
12.82207249610915,6.241704507440819,0.042175222881714935,3.34368150646574,183,9,Moderate
10.767876118377593,5.255641250137116,5.7396877265007475,3.413748098138527,117,10,Moderate
4.668431971011602,2.0936454698872478,1.481872794431999,8.437527483126221,129,10,Low
4.535346439672203,6.07518609934371,2.6984390547032397,7.6602633417310875,53,9,Low
7.338425517753996,0.26890880146626106,0.37591922073212714,8.438624720066466,194,5,Moderate
7.921468869577822,3.2887648208056524,2.0840599575530563,8.399000074123634,169,8,Moderate
8.128167588443514,1.0239056682686911,5.29281368569236,5.360687079381549,163,8,Moderate
4.382051282506665,5.846567719845838,5.88778254298348,4.539180374665487,140,7,Moderate
3.575269225876622,4.522642036572879,2.7835949201300174,8.832031977789223,137,9,Low
3.379200775051453,0.1762812823800335,4.320048237978678,5.507939603222906,80,6,Moderate
8.295896247672824,4.1871272909949315,0.6886132312153048,8.16083816009661,195,9,Low
11.292099849893571,4.39070925376047,3.677400965171695,4.356882309539644,107,1,High
6.572197110616185,1.1276770201741542,3.9851274870325044,4.296542719111845,83,2,Moderate
12.20582980925554,3.6812981159075173,4.495702276174659,4.743525358838131,177,6,Moderate
11.483247024026912,3.6739190207756645,0.3117394653256105,7.717669196304199,41,7,Low
12.337764100292194,4.358782072676125,4.550550107214667,7.524646081896984,152,8,Low
2.641299176303975,5.277034931157938,0.9697188677152286,4.532960067933628,134,9,Moderate
8.282369358873854,6.005836055994777,3.3478844326958392,6.315081688696351,140,8,Low
4.671601682924653,3.125826924908906,4.79006512934597,5.231596007501189,32,9,Moderate
6.165958076309114,0.7472637758023648,2.6464329495047023,4.17365563826709,21,10,Moderate
2.222469357645463,2.853367793134118,4.544891308736505,4.658650143500377,81,7,Moderate
9.354770549741506,1.566726500695351,5.381747582541206,6.121143139509327,69,4,Low
8.251662495079618,1.3282745073295636,3.680838831835058,5.178604419804063,36,2,Moderate
3.1951046868099198,4.056408830923528,3.588675776214108,3.200301610718287,17,5,Moderate
10.524258051110827,6.5630200595917865,1.8789719689036941,7.791559634296507,119,6,Low
12.139361168976222,0.9411519052746016,4.438381992513244,4.918000994643268,138,7,Moderate
2.5916406786662334,5.801484384219126,1.938067190317283,8.98246894248997,68,7,Low
2.6877438363723285,5.4948879814002325,0.5581829187601632,3.176184954614354,157,2,Moderate
3.7267883198878575,3.032217009752779,5.840744339857039,5.021043011166619,18,4,Moderate
12.936703995096078,0.8859875625516649,4.55749446068779,8.928393399916644,184,9,Low
5.651377449230743,3.953699578002399,4.96949551462331,5.011248284225236,30,8,Moderate
2.133333081813805,5.752619578830845,2.52071236708635,8.432159245667222,60,2,Low
10.734742380522984,5.209180679053393,3.7255714048705872,5.114249679657926,78,3,Moderate
1.40450279892565,5.914357881318185,0.6380623575346476,4.8895175316778055,165,7,Moderate
3.1727161491258764,5.2422592775332655,5.950455703007033,3.436025229660098,137,3,Moderate
10.023957455627803,4.1012380251604235,1.8318640601803877,4.275866258226577,66,5,Moderate
6.307982455872864,6.073989864486743,5.42164706608077,4.3965788826077326,146,3,Moderate
1.7682205710172925,7.190779105441979,3.904611285352484,8.24536034483011,160,2,Low
6.8117220694835305,3.6828661696154104,5.18738165713602,6.279889321126731,44,3,Moderate
13.698404270638571,0.8857647466105254,2.535290569871668,3.2521480510284317,97,10,Moderate
13.561164339188377,1.0196316753829517,4.246129957983713,8.836657937352514,140,10,Low
10.091099876640648,6.715687276006135,5.890792159563766,6.7280669835211775,82,7,Low
7.924786527900214,5.08071284727775,2.6990532478353555,4.310659097299842,190,4,Moderate
2.2549481125407307,1.9351506260707119,0.07442421766388874,5.812607792787035,98,5,Moderate
4.864091500212023,2.3993528920558775,4.45915919238962,3.2888570158701205,77,8,Moderate
12.404402916740334,2.643264031006191,2.042435060097388,8.934170150101043,192,1,Low
4.708774398645113,3.433460747170855,1.606660052930005,7.7349650795323885,158,5,Low
4.279994247912285,1.7618024110185209,2.9302477738976322,7.4253944945569605,198,9,Low
9.69960341819502,6.634294394534044,5.273873401693604,6.430634112289933,54,7,Low
6.595556334172873,2.5355727023289543,2.6075757651522706,7.643277934380938,114,3,Moderate
12.602802769413,3.547040115033502,3.642537472312524,6.787845318551932,29,9,Low
10.134239050111713,1.8994677469984502,3.074182665274744,3.625348816850086,159,3,High
9.478915374091143,7.604248420689628,3.6039063992901355,7.461563497059359,10,8,Low
9.243352407892306,0.5674577290701874,1.526349485051082,5.171118559230832,21,6,Moderate
1.5934336915309886,1.1201927804265415,1.6608858467478347,8.829196145406303,102,1,Low
9.092756044486688,3.75795010392547,2.6848088479347467,5.845730522587563,186,6,Moderate
12.103767969456555,0.3959748279493329,4.999902428838075,8.063547675670344,106,10,Low
7.017075415206058,3.508307908299484,1.3110590061247818,5.380781082517899,63,9,Moderate
6.161195536083492,0.6967421343661719,3.7023990967068077,3.6830303608596084,60,7,Moderate
8.472134205437397,0.23734578451791855,4.052521245282535,3.269121408141412,148,1,High
6.068340588240074,5.838882470787827,5.293551336569085,7.025658028455047,118,1,Moderate
11.70927499487683,7.6404840918799115,4.927189695301359,3.0093906311488374,100,7,Moderate
10.328437621510727,6.636700454922003,0.24335242526808853,8.229586363729384,155,2,Low
9.648797325714717,6.402839032187253,3.975987078356133,3.5537087524395434,165,8,Moderate
10.765314621509436,0.5680613162660437,0.4810800844914207,5.128627751015905,176,2,Moderate
9.691444407397883,5.429359653380518,2.17151994502719,6.56196474725123,19,2,Low
2.805327243154721,0.9259008534296429,0.9259293916984763,4.031090887962567,164,5,Moderate
12.731892994715942,0.5315507548461991,3.203804835286583,3.852822742760746,90,9,Moderate
6.486445381659307,2.36032566123325,2.916002962785618,6.463199320407305,110,5,Moderate
11.504294188785188,1.7284109200934976,2.799646708183295,7.900339215351267,47,5,Low
10.00240674669993,3.439448619121185,4.037799734366594,4.652287045532511,190,6,Moderate
11.256807078970313,3.5713561312126574,4.790282043110115,7.93453424200967,165,9,Low
6.602807866672851,2.5509345465691107,3.493192479564683,5.227034540625765,66,6,Moderate
10.17261621436972,5.507240147937095,2.247317322120728,4.001161210192517,174,7,Moderate
2.853723873064814,7.120776281470467,2.0752647644271445,3.9267584833399427,166,10,Moderate
9.395691021724295,5.095218539637946,2.04362499948775,3.430271333085906,135,1,High
2.316378889997066,6.77711591755028,3.186512069311457,8.050340170468058,193,6,Low
6.902021075549493,5.506193886241896,0.8433178054701647,5.913538197956386,129,8,Moderate
7.57091653283585,7.712139256941619,2.3052402779148014,3.2339760754494695,116,10,Moderate
6.140645483907887,2.505650088561392,0.8823711033995303,5.927107183154439,179,5,Moderate
11.86124307297026,2.963175890202452,2.2488214066907783,5.8440385708989355,143,4,Moderate
13.93315364977118,4.36304896974642,0.5292102227392241,6.641264049461579,135,4,Low
1.4021893815074455,7.765937229417985,4.641233349207384,8.880653954482602,58,2,Low
3.188380426948693,1.9752594133406847,5.031295289416969,5.137113882705565,107,3,Moderate
3.3032220285342517,4.059570928957937,4.064323929112301,4.410223288822951,148,7,Moderate
8.082759548087427,1.3219364035408256,3.4979065569876147,8.998282824935483,150,2,Low
7.355671813301868,3.214230405234594,5.963090333398189,8.281888572893562,113,6,Moderate
8.401905695369676,4.965283838596672,1.2078726469345995,5.370826459585912,37,5,Moderate
7.182098487328747,4.344196671661305,1.3664984166192575,8.784173082993082,126,2,Moderate
10.387862060926777,4.267093030122901,5.2198149578861095,3.7839140629407773,148,7,Moderate
2.622670581569028,6.353685300395243,1.6546054095081417,8.262543486109134,21,6,Low
2.934347602266503,3.701404840523148,5.885924268976111,5.90044461583888,105,6,Moderate
8.653509787707158,3.002639263356815,1.7147013331552212,4.219338546516523,160,9,Moderate
5.709485132281685,5.805731705759593,5.366715340945393,5.735875654559622,101,3,Moderate
8.827520809612134,4.731254075379905,4.839536053957662,5.858900302669756,82,8,Moderate
12.101505570420487,3.5131985330699864,5.081813125242363,8.35854123117249,156,6,Low
4.328618346364406,0.2463203972835828,5.829198254343532,4.3244729307166905,123,6,Moderate
9.940386551597289,5.781655661585828,4.155194589222647,3.806610776448731,135,5,Moderate
5.663301830421175,6.43549766143604,1.6725592344873181,4.264229783203219,66,3,Moderate
13.971671123865717,5.414570390859165,4.970815796694702,4.767716378077159,144,3,High
10.59230374129989,6.673156776005406,4.442856791721114,3.8571017238050316,145,5,Moderate
11.685046267219086,6.473465369112248,5.306545653011863,7.200205636632626,113,7,Low
7.339161525673742,0.6211946773728405,2.445258186194585,5.442638934753766,111,3,Moderate
8.138694371603245,5.056718636049938,3.462243986771465,7.186537656440577,54,3,Low
7.793495791377687,2.396525423630991,0.46117245165698106,6.003745608422507,133,6,Moderate
1.6529381490316588,0.5832146829432281,2.4172396957958227,4.771742964287659,43,7,Moderate
6.2169783148562585,2.3401207285659344,0.9139775367872127,4.597008075093225,127,7,Moderate
7.193680822469291,1.8082319825279978,3.842856253055064,8.873886691048853,30,3,Moderate
5.651583093476136,5.182539567924227,0.7375240707923254,8.331954481592392,32,10,Moderate
8.616242249895748,4.99827090231522,0.43065483735907817,7.095703327340415,23,2,Low
10.281384222585668,6.580278355073574,4.823751045315122,6.315005804447335,13,7,Low
10.368516888680473,3.211565047305549,0.9517448671582678,8.291953018329815,107,9,Low
10.7323880436406,2.5406943620889333,0.0008081580269119204,6.066774835423379,163,2,Low
4.590204251671693,5.655811899645729,0.3761377297311952,8.036030954136013,178,6,Low
4.208710299624729,5.9272324492165716,1.8976208983758407,3.6113543283960814,74,3,Moderate
8.344796649778296,6.932383853992695,3.4308549816429226,8.443198929363733,60,3,Low
12.829260870107095,3.0185444317055428,5.7844704989406495,3.5357371471534376,195,7,Moderate
7.419582525940073,3.1011904436451765,3.7962712724916052,7.223142549805987,147,7,Moderate
4.305007988733043,7.004089812420929,1.0968434199414028,4.670636449502608,20,1,Moderate
9.789407008387345,7.551858442905677,1.6138081895723158,5.852439647100442,149,5,Moderate
1.626418161112851,2.8804037272078267,5.740798892905717,6.002406874261207,50,3,Low
6.950094867070821,1.6710617920413098,2.212243025188771,5.21887953592306,133,7,Moderate
10.978379170732937,3.332035455231032,4.93307932089854,8.102088006719372,25,9,Low
9.545595268211672,3.7782544333038537,5.28094042752891,4.294444075058725,118,7,Moderate
8.900777589285394,2.3624118205746623,0.8196054219070357,6.909838562863659,27,3,Low
5.10315546892355,5.15866083217851,2.3707854456690196,7.279241299695706,191,1,Moderate
12.572795034270268,2.299276771724638,2.2067159265369174,3.3485517124820987,127,6,Moderate
7.706204735260266,2.140741413823772,5.0128813544531665,3.088160331929723,174,6,Moderate
5.385492107998205,0.15462104734080828,0.7462103940030613,5.481856049511812,162,3,Moderate
6.255766714313299,4.247501427296751,3.5707900494340894,3.059542926767014,180,9,Moderate
13.525490131538648,4.15225824103639,4.065253604753719,4.871183147501299,165,1,High
7.776848619503807,7.808110586233709,0.7533012885759203,3.101685989337486,196,9,Moderate
2.5626939785674914,2.1246626636688486,0.10531418019977346,4.759851664683389,42,7,Moderate
7.733486860263526,2.7847647453463047,2.2304357694379817,3.0081217542928087,52,5,Moderate
9.403963641293096,7.793555550530857,5.082364961903397,3.1415697878731748,84,8,Moderate
11.181579372882137,6.243008988567843,2.747974554021429,5.388031757727017,141,8,Moderate
1.854033166406755,1.8258829079495928,1.4796218098681477,5.904462418261209,88,7,Moderate
9.731349660098386,4.657670078145849,5.941253361525728,4.434952666693459,65,4,High
